depot_x,depot_y
0.02505971585142719,0.9486698890649538
0.6228573296883725,0.131010819718255
0.3215187841646798,0.9627356058132466
0.7603004227410796,0.5656126739650358
0.3475072966417321,0.71804146661312
0.35668568302600145,0.2026705149321052
0.47829187905479553,0.1596839186077288
0.43717802117022886,0.3708168795185447
0.5491864858880531,0.6218801390275988
0.6085138613842794,0.8664077059741742
0.5,0.5
